question,answer,category,difficulty,response_quality,feedback,intent
Why do you want to work here?,I prioritize tasks based on deadlines and impact on the project.,HR,Medium,Good,Positive,Assess Skills
What is your greatest professional achievement?,I bring a unique blend of skills and experience that aligns with your needs.,HR,Hard,Excellent,Neutral,Evaluate Fit
Describe a challenging situation you faced at work.,I bring a unique blend of skills and experience that aligns with your needs.,Behavioral,Hard,Poor,Positive,Evaluate Fit
Tell me about yourself.,I once resolved a conflict between team members by facilitating open communication.,Behavioral,Medium,Excellent,Positive,Evaluate Fit
Where do you see yourself in five years?,My greatest achievement was leading a project that increased sales by 30%.,Behavioral,Easy,Average,Constructive,Assess Skills
Describe your ideal work environment.,I thrive in collaborative environments where ideas are shared.,Behavioral,Hard,Poor,Constructive,Evaluate Fit
Why should we hire you?,I once resolved a conflict between team members by facilitating open communication.,Behavioral,Hard,Good,Neutral,Evaluate Fit
Where do you see yourself in five years?,I admire the company’s commitment to innovation and growth.,Behavioral,Hard,Excellent,Neutral,Assess Skills
Where do you see yourself in five years?,I admire the company’s commitment to innovation and growth.,HR,Medium,Poor,Positive,Evaluate Fit
Describe your ideal work environment.,I admire the company’s commitment to innovation and growth.,Technical,Hard,Poor,Neutral,Evaluate Fit
What are your strengths and weaknesses?,I am a dedicated professional with a passion for technology.,HR,Easy,Poor,Neutral,Assess Skills
Where do you see yourself in five years?,I am a dedicated professional with a passion for technology.,Behavioral,Medium,Good,Neutral,Assess Skills
Describe a challenging situation you faced at work.,I prioritize tasks based on deadlines and impact on the project.,HR,Easy,Good,Positive,Evaluate Fit
How do you handle stress and pressure?,I prioritize tasks based on deadlines and impact on the project.,Technical,Medium,Excellent,Positive,Assess Skills
Why do you want to work here?,I admire the company’s commitment to innovation and growth.,Behavioral,Easy,Good,Constructive,Evaluate Fit
Why do you want to work here?,I bring a unique blend of skills and experience that aligns with your needs.,Technical,Medium,Poor,Constructive,Evaluate Fit
Where do you see yourself in five years?,I manage stress by staying organized and taking breaks when needed.,Behavioral,Medium,Poor,Constructive,Evaluate Fit
Tell me about yourself.,I prioritize tasks based on deadlines and impact on the project.,Technical,Easy,Good,Neutral,Evaluate Fit
What is your greatest professional achievement?,I manage stress by staying organized and taking breaks when needed.,Behavioral,Medium,Good,Constructive,Evaluate Fit
What is your greatest professional achievement?,I bring a unique blend of skills and experience that aligns with your needs.,Technical,Medium,Good,Neutral,Assess Skills
How do you prioritize your work?,I admire the company’s commitment to innovation and growth.,Technical,Medium,Good,Neutral,Evaluate Fit
Why do you want to work here?,I once resolved a conflict between team members by facilitating open communication.,HR,Easy,Excellent,Constructive,Assess Skills
Describe your ideal work environment.,"In five years, I see myself in a leadership role within the company.",Technical,Hard,Average,Positive,Assess Skills
Describe a challenging situation you faced at work.,My greatest achievement was leading a project that increased sales by 30%.,Behavioral,Easy,Average,Constructive,Evaluate Fit
Tell me about yourself.,I thrive in collaborative environments where ideas are shared.,Behavioral,Medium,Poor,Neutral,Evaluate Fit
What is your greatest professional achievement?,I am a dedicated professional with a passion for technology.,Behavioral,Hard,Good,Neutral,Assess Skills
How do you handle stress and pressure?,I bring a unique blend of skills and experience that aligns with your needs.,HR,Easy,Poor,Neutral,Evaluate Fit
What is your greatest professional achievement?,I manage stress by staying organized and taking breaks when needed.,HR,Medium,Excellent,Neutral,Assess Skills
Why should we hire you?,"In five years, I see myself in a leadership role within the company.",Behavioral,Hard,Good,Positive,Assess Skills
Where do you see yourself in five years?,I prioritize tasks based on deadlines and impact on the project.,Behavioral,Easy,Excellent,Positive,Assess Skills
Describe a challenging situation you faced at work.,I admire the company’s commitment to innovation and growth.,Behavioral,Easy,Excellent,Constructive,Evaluate Fit
Describe your ideal work environment.,I bring a unique blend of skills and experience that aligns with your needs.,Technical,Medium,Poor,Positive,Evaluate Fit
How do you handle stress and pressure?,My greatest achievement was leading a project that increased sales by 30%.,HR,Medium,Poor,Constructive,Assess Skills
Why should we hire you?,My greatest achievement was leading a project that increased sales by 30%.,Behavioral,Easy,Good,Positive,Evaluate Fit
Why do you want to work here?,"In five years, I see myself in a leadership role within the company.",HR,Medium,Excellent,Constructive,Assess Skills
Tell me about yourself.,I admire the company’s commitment to innovation and growth.,Technical,Hard,Average,Positive,Assess Skills
Tell me about yourself.,I bring a unique blend of skills and experience that aligns with your needs.,Technical,Hard,Poor,Neutral,Assess Skills
How do you prioritize your work?,I thrive in collaborative environments where ideas are shared.,Technical,Hard,Poor,Constructive,Assess Skills
Why do you want to work here?,"In five years, I see myself in a leadership role within the company.",Behavioral,Hard,Excellent,Constructive,Evaluate Fit
Tell me about yourself.,"In five years, I see myself in a leadership role within the company.",HR,Medium,Good,Neutral,Assess Skills
Why should we hire you?,I admire the company’s commitment to innovation and growth.,HR,Hard,Poor,Neutral,Evaluate Fit
Why do you want to work here?,I bring a unique blend of skills and experience that aligns with your needs.,Behavioral,Medium,Excellent,Neutral,Evaluate Fit
Describe your ideal work environment.,"My strength is my ability to adapt quickly, while my weakness is public speaking.",Behavioral,Easy,Poor,Neutral,Evaluate Fit
Why do you want to work here?,"My strength is my ability to adapt quickly, while my weakness is public speaking.",HR,Medium,Excellent,Positive,Assess Skills
What is your greatest professional achievement?,I am a dedicated professional with a passion for technology.,HR,Medium,Good,Constructive,Assess Skills
What are your strengths and weaknesses?,My greatest achievement was leading a project that increased sales by 30%.,Behavioral,Hard,Good,Positive,Evaluate Fit
Tell me about yourself.,I manage stress by staying organized and taking breaks when needed.,HR,Easy,Excellent,Neutral,Assess Skills
Where do you see yourself in five years?,"In five years, I see myself in a leadership role within the company.",Behavioral,Easy,Good,Neutral,Evaluate Fit
How do you handle stress and pressure?,I admire the company’s commitment to innovation and growth.,Technical,Hard,Average,Positive,Evaluate Fit
Why do you want to work here?,I thrive in collaborative environments where ideas are shared.,Behavioral,Medium,Average,Neutral,Assess Skills
How do you prioritize your work?,I prioritize tasks based on deadlines and impact on the project.,Technical,Easy,Excellent,Positive,Assess Skills
Describe a challenging situation you faced at work.,"My strength is my ability to adapt quickly, while my weakness is public speaking.",Behavioral,Hard,Poor,Neutral,Assess Skills
Describe your ideal work environment.,I admire the company’s commitment to innovation and growth.,Technical,Hard,Poor,Positive,Evaluate Fit
Describe your ideal work environment.,I manage stress by staying organized and taking breaks when needed.,Behavioral,Easy,Average,Positive,Evaluate Fit
How do you handle stress and pressure?,My greatest achievement was leading a project that increased sales by 30%.,Behavioral,Easy,Average,Constructive,Evaluate Fit
Where do you see yourself in five years?,My greatest achievement was leading a project that increased sales by 30%.,HR,Hard,Excellent,Constructive,Evaluate Fit
What is your greatest professional achievement?,I admire the company’s commitment to innovation and growth.,Technical,Medium,Excellent,Positive,Assess Skills
How do you handle stress and pressure?,My greatest achievement was leading a project that increased sales by 30%.,Technical,Easy,Average,Positive,Assess Skills
Describe a challenging situation you faced at work.,"My strength is my ability to adapt quickly, while my weakness is public speaking.",Behavioral,Easy,Poor,Constructive,Evaluate Fit
What are your strengths and weaknesses?,I admire the company’s commitment to innovation and growth.,Technical,Hard,Excellent,Neutral,Assess Skills
How do you handle stress and pressure?,"My strength is my ability to adapt quickly, while my weakness is public speaking.",Technical,Easy,Average,Constructive,Assess Skills
What are your strengths and weaknesses?,My greatest achievement was leading a project that increased sales by 30%.,Technical,Medium,Excellent,Constructive,Evaluate Fit
Why do you want to work here?,I once resolved a conflict between team members by facilitating open communication.,Behavioral,Medium,Poor,Neutral,Evaluate Fit
How do you handle stress and pressure?,I bring a unique blend of skills and experience that aligns with your needs.,Behavioral,Easy,Poor,Neutral,Evaluate Fit
How do you prioritize your work?,My greatest achievement was leading a project that increased sales by 30%.,Behavioral,Medium,Average,Positive,Evaluate Fit
Why do you want to work here?,I manage stress by staying organized and taking breaks when needed.,HR,Easy,Poor,Constructive,Evaluate Fit
What are your strengths and weaknesses?,I admire the company’s commitment to innovation and growth.,Behavioral,Medium,Average,Neutral,Evaluate Fit
What are your strengths and weaknesses?,I prioritize tasks based on deadlines and impact on the project.,Technical,Hard,Good,Neutral,Assess Skills
Why should we hire you?,"In five years, I see myself in a leadership role within the company.",Behavioral,Easy,Average,Positive,Evaluate Fit
Describe your ideal work environment.,I admire the company’s commitment to innovation and growth.,HR,Medium,Average,Constructive,Evaluate Fit
Describe your ideal work environment.,I once resolved a conflict between team members by facilitating open communication.,HR,Medium,Excellent,Constructive,Evaluate Fit
What are your strengths and weaknesses?,I once resolved a conflict between team members by facilitating open communication.,Technical,Easy,Good,Positive,Evaluate Fit
Describe your ideal work environment.,"In five years, I see myself in a leadership role within the company.",Behavioral,Medium,Excellent,Positive,Assess Skills
What is your greatest professional achievement?,I thrive in collaborative environments where ideas are shared.,Technical,Easy,Excellent,Constructive,Evaluate Fit
What is your greatest professional achievement?,I thrive in collaborative environments where ideas are shared.,Technical,Easy,Excellent,Positive,Evaluate Fit
Tell me about yourself.,I bring a unique blend of skills and experience that aligns with your needs.,HR,Easy,Average,Positive,Evaluate Fit
Where do you see yourself in five years?,I bring a unique blend of skills and experience that aligns with your needs.,Behavioral,Medium,Poor,Neutral,Evaluate Fit
How do you prioritize your work?,My greatest achievement was leading a project that increased sales by 30%.,HR,Easy,Average,Neutral,Assess Skills
Tell me about yourself.,My greatest achievement was leading a project that increased sales by 30%.,Technical,Easy,Poor,Positive,Evaluate Fit
Why should we hire you?,I am a dedicated professional with a passion for technology.,HR,Hard,Excellent,Neutral,Evaluate Fit
Where do you see yourself in five years?,I am a dedicated professional with a passion for technology.,Technical,Medium,Excellent,Positive,Evaluate Fit
How do you prioritize your work?,I admire the company’s commitment to innovation and growth.,HR,Medium,Average,Constructive,Evaluate Fit
What is your greatest professional achievement?,I once resolved a conflict between team members by facilitating open communication.,Technical,Medium,Excellent,Constructive,Evaluate Fit
Why do you want to work here?,I prioritize tasks based on deadlines and impact on the project.,Technical,Medium,Excellent,Constructive,Assess Skills
Describe your ideal work environment.,I manage stress by staying organized and taking breaks when needed.,Technical,Medium,Average,Constructive,Evaluate Fit
Describe a challenging situation you faced at work.,I prioritize tasks based on deadlines and impact on the project.,Technical,Hard,Average,Constructive,Evaluate Fit
Describe a challenging situation you faced at work.,I manage stress by staying organized and taking breaks when needed.,Technical,Easy,Poor,Neutral,Assess Skills
How do you handle stress and pressure?,My greatest achievement was leading a project that increased sales by 30%.,Technical,Medium,Average,Constructive,Evaluate Fit
How do you handle stress and pressure?,I prioritize tasks based on deadlines and impact on the project.,HR,Medium,Good,Positive,Assess Skills
How do you prioritize your work?,I thrive in collaborative environments where ideas are shared.,Technical,Hard,Poor,Positive,Evaluate Fit
What are your strengths and weaknesses?,I bring a unique blend of skills and experience that aligns with your needs.,Technical,Hard,Poor,Neutral,Evaluate Fit
What are your strengths and weaknesses?,I once resolved a conflict between team members by facilitating open communication.,HR,Hard,Average,Neutral,Assess Skills
Tell me about yourself.,I prioritize tasks based on deadlines and impact on the project.,Behavioral,Easy,Good,Positive,Assess Skills
Why should we hire you?,I once resolved a conflict between team members by facilitating open communication.,HR,Medium,Average,Constructive,Assess Skills
Describe a challenging situation you faced at work.,I bring a unique blend of skills and experience that aligns with your needs.,Behavioral,Easy,Excellent,Constructive,Assess Skills
Why do you want to work here?,"In five years, I see myself in a leadership role within the company.",Technical,Hard,Good,Neutral,Evaluate Fit
Describe a challenging situation you faced at work.,I prioritize tasks based on deadlines and impact on the project.,Technical,Hard,Good,Constructive,Evaluate Fit
Where do you see yourself in five years?,I am a dedicated professional with a passion for technology.,Behavioral,Hard,Average,Neutral,Evaluate Fit
Why do you want to work here?,My greatest achievement was leading a project that increased sales by 30%.,Behavioral,Easy,Poor,Constructive,Assess Skills
Why do you want to work here?,"In five years, I see myself in a leadership role within the company.",Technical,Hard,Poor,Positive,Evaluate Fit
Where do you see yourself in five years?,"In five years, I see myself in a leadership role within the company.",Behavioral,Hard,Excellent,Positive,Evaluate Fit
Describe a challenging situation you faced at work.,I bring a unique blend of skills and experience that aligns with your needs.,HR,Hard,Good,Neutral,Assess Skills
Describe a challenging situation you faced at work.,I prioritize tasks based on deadlines and impact on the project.,HR,Easy,Average,Positive,Evaluate Fit
Where do you see yourself in five years?,I am a dedicated professional with a passion for technology.,Technical,Hard,Average,Constructive,Evaluate Fit
Tell me about yourself.,I manage stress by staying organized and taking breaks when needed.,Behavioral,Medium,Poor,Positive,Assess Skills
Describe a challenging situation you faced at work.,I once resolved a conflict between team members by facilitating open communication.,Technical,Easy,Excellent,Constructive,Evaluate Fit
Where do you see yourself in five years?,I manage stress by staying organized and taking breaks when needed.,Behavioral,Hard,Good,Positive,Assess Skills
How do you handle stress and pressure?,I manage stress by staying organized and taking breaks when needed.,Technical,Easy,Poor,Neutral,Assess Skills
What are your strengths and weaknesses?,"My strength is my ability to adapt quickly, while my weakness is public speaking.",Technical,Medium,Poor,Neutral,Assess Skills
What is your greatest professional achievement?,"My strength is my ability to adapt quickly, while my weakness is public speaking.",Technical,Medium,Good,Constructive,Assess Skills
Why do you want to work here?,I prioritize tasks based on deadlines and impact on the project.,Technical,Hard,Average,Neutral,Assess Skills
What are your strengths and weaknesses?,My greatest achievement was leading a project that increased sales by 30%.,HR,Hard,Poor,Neutral,Assess Skills
Describe a challenging situation you faced at work.,"My strength is my ability to adapt quickly, while my weakness is public speaking.",HR,Medium,Excellent,Neutral,Evaluate Fit
How do you handle stress and pressure?,I manage stress by staying organized and taking breaks when needed.,Behavioral,Easy,Excellent,Constructive,Evaluate Fit
What is your greatest professional achievement?,"In five years, I see myself in a leadership role within the company.",Behavioral,Hard,Excellent,Neutral,Evaluate Fit
How do you handle stress and pressure?,My greatest achievement was leading a project that increased sales by 30%.,HR,Hard,Excellent,Neutral,Assess Skills
What is your greatest professional achievement?,My greatest achievement was leading a project that increased sales by 30%.,Behavioral,Medium,Average,Positive,Evaluate Fit
Describe your ideal work environment.,I manage stress by staying organized and taking breaks when needed.,Behavioral,Easy,Excellent,Positive,Assess Skills
Where do you see yourself in five years?,"In five years, I see myself in a leadership role within the company.",Behavioral,Medium,Poor,Neutral,Assess Skills
Why do you want to work here?,I admire the company’s commitment to innovation and growth.,HR,Medium,Poor,Positive,Assess Skills
What are your strengths and weaknesses?,"In five years, I see myself in a leadership role within the company.",Technical,Easy,Good,Neutral,Assess Skills
How do you prioritize your work?,I am a dedicated professional with a passion for technology.,HR,Hard,Excellent,Constructive,Evaluate Fit
What are your strengths and weaknesses?,I admire the company’s commitment to innovation and growth.,HR,Hard,Good,Positive,Evaluate Fit
What is your greatest professional achievement?,"In five years, I see myself in a leadership role within the company.",HR,Medium,Good,Neutral,Evaluate Fit
Why do you want to work here?,I thrive in collaborative environments where ideas are shared.,Behavioral,Easy,Average,Neutral,Assess Skills
Describe your ideal work environment.,I admire the company’s commitment to innovation and growth.,HR,Easy,Poor,Neutral,Evaluate Fit
Tell me about yourself.,I admire the company’s commitment to innovation and growth.,Behavioral,Hard,Average,Positive,Assess Skills
Where do you see yourself in five years?,"In five years, I see myself in a leadership role within the company.",Technical,Easy,Good,Positive,Evaluate Fit
Describe a challenging situation you faced at work.,I am a dedicated professional with a passion for technology.,HR,Medium,Good,Neutral,Assess Skills
Describe your ideal work environment.,I am a dedicated professional with a passion for technology.,HR,Hard,Poor,Constructive,Evaluate Fit
What is your greatest professional achievement?,I bring a unique blend of skills and experience that aligns with your needs.,Technical,Hard,Excellent,Constructive,Evaluate Fit
Tell me about yourself.,My greatest achievement was leading a project that increased sales by 30%.,Behavioral,Medium,Poor,Neutral,Evaluate Fit
How do you prioritize your work?,I prioritize tasks based on deadlines and impact on the project.,HR,Medium,Good,Constructive,Evaluate Fit
Where do you see yourself in five years?,"In five years, I see myself in a leadership role within the company.",Behavioral,Hard,Excellent,Constructive,Evaluate Fit
How do you prioritize your work?,I am a dedicated professional with a passion for technology.,HR,Medium,Average,Neutral,Assess Skills
Where do you see yourself in five years?,I once resolved a conflict between team members by facilitating open communication.,Technical,Hard,Average,Positive,Evaluate Fit
Describe your ideal work environment.,I admire the company’s commitment to innovation and growth.,Behavioral,Easy,Good,Positive,Evaluate Fit
Tell me about yourself.,"My strength is my ability to adapt quickly, while my weakness is public speaking.",Behavioral,Hard,Average,Positive,Evaluate Fit
Why should we hire you?,I am a dedicated professional with a passion for technology.,Technical,Hard,Poor,Neutral,Assess Skills
What are your strengths and weaknesses?,I am a dedicated professional with a passion for technology.,HR,Hard,Excellent,Positive,Evaluate Fit
Why do you want to work here?,I admire the company’s commitment to innovation and growth.,Technical,Hard,Good,Neutral,Assess Skills
What is your greatest professional achievement?,I thrive in collaborative environments where ideas are shared.,Technical,Easy,Average,Constructive,Evaluate Fit
Describe a challenging situation you faced at work.,I manage stress by staying organized and taking breaks when needed.,Behavioral,Medium,Poor,Neutral,Evaluate Fit
How do you prioritize your work?,"My strength is my ability to adapt quickly, while my weakness is public speaking.",Behavioral,Hard,Average,Constructive,Assess Skills
How do you prioritize your work?,"In five years, I see myself in a leadership role within the company.",HR,Easy,Excellent,Positive,Evaluate Fit
Tell me about yourself.,"In five years, I see myself in a leadership role within the company.",HR,Hard,Good,Positive,Evaluate Fit
Why do you want to work here?,I once resolved a conflict between team members by facilitating open communication.,HR,Easy,Good,Positive,Evaluate Fit
How do you prioritize your work?,I admire the company’s commitment to innovation and growth.,Behavioral,Medium,Good,Positive,Evaluate Fit
How do you handle stress and pressure?,My greatest achievement was leading a project that increased sales by 30%.,HR,Medium,Good,Positive,Evaluate Fit
What is your greatest professional achievement?,I thrive in collaborative environments where ideas are shared.,Technical,Easy,Poor,Constructive,Assess Skills
